40;1.1;64;;clauset;1.3214415913820268
40;1.1;64;0.01;abc_lin_reg_mle;1.1136464845414826
40;1.1;64;0.01;abc_lin_reg_median;1.110774020745946
41;1.1;64;;clauset;1.3352106839418412
41;1.1;64;0.01;abc_lin_reg_mle;1.1243764159093579
41;1.1;64;0.01;abc_lin_reg_median;1.1383405529781296
42;1.1;64;;clauset;1.3419752007722856
42;1.1;64;0.01;abc_lin_reg_mle;1.1347793400050392
42;1.1;64;0.01;abc_lin_reg_median;1.1460251647219355
43;1.1;64;;clauset;1.3239289873838422
43;1.1;64;0.01;abc_lin_reg_mle;1.1189899707011852
43;1.1;64;0.01;abc_lin_reg_median;1.1173891887601954
44;1.1;64;;clauset;1.3183583348989487
44;1.1;64;0.01;abc_lin_reg_mle;1.095481331949433
44;1.1;64;0.01;abc_lin_reg_median;1.1011885012155356
45;1.1;64;;clauset;1.3086798888444902
45;1.1;64;0.01;abc_lin_reg_mle;1.0848945857499976
45;1.1;64;0.01;abc_lin_reg_median;1.0919058737711405
46;1.1;64;;clauset;1.4021120983362196
46;1.1;64;0.01;abc_lin_reg_mle;1.2334631881698337
46;1.1;64;0.01;abc_lin_reg_median;1.2221345389765534
47;1.1;64;;clauset;1.3084044641256332
47;1.1;64;0.01;abc_lin_reg_mle;1.070771023401717
47;1.1;64;0.01;abc_lin_reg_median;1.072863855462474
48;1.1;64;;clauset;1.3224093288183214
48;1.1;64;0.01;abc_lin_reg_mle;1.117588834431786
48;1.1;64;0.01;abc_lin_reg_median;1.1140966512576351
49;1.1;64;;clauset;1.310070944428444
49;1.1;64;0.01;abc_lin_reg_mle;1.0859234357969663
49;1.1;64;0.01;abc_lin_reg_median;1.0880322910757068
50;1.1;64;;clauset;1.2878097683191299
50;1.1;64;0.01;abc_lin_reg_mle;1.0576133173641342
50;1.1;64;0.01;abc_lin_reg_median;1.0576133173641342
51;1.1;64;;clauset;1.321267977356911
51;1.1;64;0.01;abc_lin_reg_mle;1.114147691968399
51;1.1;64;0.01;abc_lin_reg_median;1.1034851438162676
52;1.1;64;;clauset;1.3152129203081129
52;1.1;64;0.01;abc_lin_reg_mle;1.0880175580041185
52;1.1;64;0.01;abc_lin_reg_median;1.0919762851715538
53;1.1;64;;clauset;1.3086798888444902
53;1.1;64;0.01;abc_lin_reg_mle;1.0868326522282143
53;1.1;64;0.01;abc_lin_reg_median;1.0846433032004958
54;1.1;64;;clauset;1.3306892174482345
54;1.1;64;0.01;abc_lin_reg_mle;1.0935706690137947
54;1.1;64;0.01;abc_lin_reg_median;1.1015092893757195
55;1.1;64;;clauset;1.3294878512620927
55;1.1;64;0.01;abc_lin_reg_mle;1.134723455440394
55;1.1;64;0.01;abc_lin_reg_median;1.117650086152336
56;1.1;64;;clauset;1.3172459191083907
56;1.1;64;0.01;abc_lin_reg_mle;1.1046715717958753
56;1.1;64;0.01;abc_lin_reg_median;1.1046715717958753
57;1.1;64;;clauset;1.2899145704507826
57;1.1;64;0.01;abc_lin_reg_mle;1.050169816439447
57;1.1;64;0.01;abc_lin_reg_median;1.0606948870756236
58;1.1;64;;clauset;1.305070431828499
58;1.1;64;0.01;abc_lin_reg_mle;1.1191912132225348
58;1.1;64;0.01;abc_lin_reg_median;1.1158132853871505
59;1.1;64;;clauset;1.2954712909460069
59;1.1;64;0.01;abc_lin_reg_mle;1.0586954678526144
59;1.1;64;0.01;abc_lin_reg_median;1.0635375856772995
40;1.1;128;;clauset;1.2900153094530105
40;1.1;128;0.01;abc_lin_reg_mle;1.1197140653326407
40;1.1;128;0.01;abc_lin_reg_median;1.1149016941462946
41;1.1;128;;clauset;1.2971720653772354
41;1.1;128;0.01;abc_lin_reg_mle;1.1331582421362778
41;1.1;128;0.01;abc_lin_reg_median;1.1324555048416993
42;1.1;128;;clauset;1.2889543348550796
42;1.1;128;0.01;abc_lin_reg_mle;1.119601369959879
42;1.1;128;0.01;abc_lin_reg_median;1.1183026877873545
43;1.1;128;;clauset;1.2851230376958849
43;1.1;128;0.01;abc_lin_reg_mle;1.0938821696134629
43;1.1;128;0.01;abc_lin_reg_median;1.0994284773058247
44;1.1;128;;clauset;1.281352826952934
44;1.1;128;0.01;abc_lin_reg_mle;1.0996431947629237
44;1.1;128;0.01;abc_lin_reg_median;1.1037711660110296
45;1.1;128;;clauset;1.2795009440183638
45;1.1;128;0.01;abc_lin_reg_mle;1.1045852601608164
45;1.1;128;0.01;abc_lin_reg_median;1.1090860405958067
46;1.1;128;;clauset;1.311967838406563
46;1.1;128;0.01;abc_lin_reg_mle;1.1446224378033203
46;1.1;128;0.01;abc_lin_reg_median;1.14972297399612
47;1.1;128;;clauset;1.266523831486702
47;1.1;128;0.01;abc_lin_reg_mle;1.0592100246197695
47;1.1;128;0.01;abc_lin_reg_median;1.064102896385561
48;1.1;128;;clauset;1.2732251185178753
48;1.1;128;0.01;abc_lin_reg_mle;1.0838345757785035
48;1.1;128;0.01;abc_lin_reg_median;1.0846776883094875
49;1.1;128;;clauset;1.2788718611001968
49;1.1;128;0.01;abc_lin_reg_mle;1.0927950773408424
49;1.1;128;0.01;abc_lin_reg_median;1.0995631498398846
50;1.1;128;;clauset;1.2701933032274244
50;1.1;128;0.01;abc_lin_reg_mle;1.0835840705648307
50;1.1;128;0.01;abc_lin_reg_median;1.0835840705648307
51;1.1;128;;clauset;1.2766020184755327
51;1.1;128;0.01;abc_lin_reg_mle;1.1047115779384715
51;1.1;128;0.01;abc_lin_reg_median;1.1008941769673743
52;1.1;128;;clauset;1.27591506421566
52;1.1;128;0.01;abc_lin_reg_mle;1.1030295509898809
52;1.1;128;0.01;abc_lin_reg_median;1.0982735859444372
53;1.1;128;;clauset;1.2802071887254713
53;1.1;128;0.01;abc_lin_reg_mle;1.1148870198158312
53;1.1;128;0.01;abc_lin_reg_median;1.1118150933555282
54;1.1;128;;clauset;1.2899456495046613
40;1.1;64;;clauset;1.3214415913820268
40;1.1;64;0.01;abc_lin_reg_mle;1.114163420374388
40;1.1;64;0.01;abc_lin_reg_median;1.1102206198540803
41;1.1;64;;clauset;1.3352106839418412
41;1.1;64;0.01;abc_lin_reg_mle;1.1247361371118023
41;1.1;64;0.01;abc_lin_reg_median;1.137824165059861
42;1.1;64;;clauset;1.3419752007722856
42;1.1;64;0.01;abc_lin_reg_mle;1.134094529202608
42;1.1;64;0.01;abc_lin_reg_median;1.1454345997399553
43;1.1;64;;clauset;1.3239289873838422
43;1.1;64;0.01;abc_lin_reg_mle;1.1194062807393077
43;1.1;64;0.01;abc_lin_reg_median;1.1166923068229018
44;1.1;64;;clauset;1.3183583348989487
44;1.1;64;0.01;abc_lin_reg_mle;1.0952880745046896
44;1.1;64;0.01;abc_lin_reg_median;1.1007279961227272
45;1.1;64;;clauset;1.3086798888444902
45;1.1;64;0.01;abc_lin_reg_mle;1.084067083071807
45;1.1;64;0.01;abc_lin_reg_median;1.0924101515747442
46;1.1;64;;clauset;1.4021120983362196
46;1.1;64;0.01;abc_lin_reg_mle;1.23568224922908
46;1.1;64;0.01;abc_lin_reg_median;1.2220177672872776
47;1.1;64;;clauset;1.3084044641256332
47;1.1;64;0.01;abc_lin_reg_mle;1.0708146808117245
47;1.1;64;0.01;abc_lin_reg_median;1.07217635448068
48;1.1;64;;clauset;1.3224093288183214
40;1.1;64;;clauset;1.3214415913820268
40;1.1;64;0.01;abc_lin_reg_mle;1.114163420374388
40;1.1;64;0.01;abc_lin_reg_median;1.1102206198540803
41;1.1;64;;clauset;1.3352106839418412
41;1.1;64;0.01;abc_lin_reg_mle;1.1247361371118023
41;1.1;64;0.01;abc_lin_reg_median;1.137824165059861
42;1.1;64;;clauset;1.3419752007722856
42;1.1;64;0.01;abc_lin_reg_mle;1.134094529202608
42;1.1;64;0.01;abc_lin_reg_median;1.1454345997399553
43;1.1;64;;clauset;1.3239289873838422
43;1.1;64;0.01;abc_lin_reg_mle;1.1194062807393077
43;1.1;64;0.01;abc_lin_reg_median;1.1166923068229018
44;1.1;64;;clauset;1.3183583348989487
44;1.1;64;0.01;abc_lin_reg_mle;1.0952880745046896
44;1.1;64;0.01;abc_lin_reg_median;1.1007279961227272
45;1.1;64;;clauset;1.3086798888444902
45;1.1;64;0.01;abc_lin_reg_mle;1.084067083071807
45;1.1;64;0.01;abc_lin_reg_median;1.0924101515747442
46;1.1;64;;clauset;1.4021120983362196
46;1.1;64;0.01;abc_lin_reg_mle;1.23568224922908
46;1.1;64;0.01;abc_lin_reg_median;1.2220177672872776
47;1.1;64;;clauset;1.3084044641256332
47;1.1;64;0.01;abc_lin_reg_mle;1.0708146808117245
47;1.1;64;0.01;abc_lin_reg_median;1.07217635448068
48;1.1;64;;clauset;1.3224093288183214
48;1.1;64;0.01;abc_lin_reg_mle;1.1161406672073313
48;1.1;64;0.01;abc_lin_reg_median;1.1134291308039526
49;1.1;64;;clauset;1.310070944428444
49;1.1;64;0.01;abc_lin_reg_mle;1.0863106620674978
49;1.1;64;0.01;abc_lin_reg_median;1.0894409798227582
50;1.1;64;;clauset;1.2878097683191299
50;1.1;64;0.01;abc_lin_reg_mle;1.058425840299223
50;1.1;64;0.01;abc_lin_reg_median;1.0563715286190876
51;1.1;64;;clauset;1.321267977356911
51;1.1;64;0.01;abc_lin_reg_mle;1.1150033033207503
51;1.1;64;0.01;abc_lin_reg_median;1.1036143322241776
52;1.1;64;;clauset;1.3152129203081129
52;1.1;64;0.01;abc_lin_reg_mle;1.0876008303025155
52;1.1;64;0.01;abc_lin_reg_median;1.0931867090675267
53;1.1;64;;clauset;1.3086798888444902
53;1.1;64;0.01;abc_lin_reg_mle;1.0847699565029525
53;1.1;64;0.01;abc_lin_reg_median;1.0847699565029525
54;1.1;64;;clauset;1.3306892174482345
54;1.1;64;0.01;abc_lin_reg_mle;1.0951578622937008
54;1.1;64;0.01;abc_lin_reg_median;1.1014051918045493
55;1.1;64;;clauset;1.3294878512620927
55;1.1;64;0.01;abc_lin_reg_mle;1.1352550949556244
55;1.1;64;0.01;abc_lin_reg_median;1.1186105393057901
56;1.1;64;;clauset;1.3172459191083907
56;1.1;64;0.01;abc_lin_reg_mle;1.1047784469838098
56;1.1;64;0.01;abc_lin_reg_median;1.1047784469838098
57;1.1;64;;clauset;1.2899145704507826
57;1.1;64;0.01;abc_lin_reg_mle;1.050565896989414
57;1.1;64;0.01;abc_lin_reg_median;1.0597296701900407
58;1.1;64;;clauset;1.305070431828499
58;1.1;64;0.01;abc_lin_reg_mle;1.1178064725186894
58;1.1;64;0.01;abc_lin_reg_median;1.1161629670561268
59;1.1;64;;clauset;1.2954712909460069
59;1.1;64;0.01;abc_lin_reg_mle;1.0608514910874474
59;1.1;64;0.01;abc_lin_reg_median;1.0635923280816217
40;1.1;128;;clauset;1.2900153094530105
40;1.1;128;0.01;abc_lin_reg_mle;1.12017455686916
40;1.1;128;0.01;abc_lin_reg_median;1.1150920387247145
41;1.1;128;;clauset;1.2971720653772354
41;1.1;128;0.01;abc_lin_reg_mle;1.1336720573041708
41;1.1;128;0.01;abc_lin_reg_median;1.132482699024604
42;1.1;128;;clauset;1.2889543348550796
42;1.1;128;0.01;abc_lin_reg_mle;1.118181960385302
42;1.1;128;0.01;abc_lin_reg_median;1.116983664592465
43;1.1;128;;clauset;1.2851230376958849
43;1.1;128;0.01;abc_lin_reg_mle;1.0937143843292512
43;1.1;128;0.01;abc_lin_reg_median;1.0990108742671627
44;1.1;128;;clauset;1.281352826952934
44;1.1;128;0.01;abc_lin_reg_mle;1.099507983071296
44;1.1;128;0.01;abc_lin_reg_median;1.105675392746635
45;1.1;128;;clauset;1.2795009440183638
45;1.1;128;0.01;abc_lin_reg_mle;1.1043994108694821
45;1.1;128;0.01;abc_lin_reg_median;1.1090593213323172
46;1.1;128;;clauset;1.311967838406563
46;1.1;128;0.01;abc_lin_reg_mle;1.1451848941682818
46;1.1;128;0.01;abc_lin_reg_median;1.150351907026114
47;1.1;128;;clauset;1.266523831486702
47;1.1;128;0.01;abc_lin_reg_mle;1.0599042147234135
47;1.1;128;0.01;abc_lin_reg_median;1.0647640540360368
48;1.1;128;;clauset;1.2732251185178753
48;1.1;128;0.01;abc_lin_reg_mle;1.083544052487563
48;1.1;128;0.01;abc_lin_reg_median;1.0845808472125074
49;1.1;128;;clauset;1.2788718611001968
49;1.1;128;0.01;abc_lin_reg_mle;1.0923629455444213
49;1.1;128;0.01;abc_lin_reg_median;1.099171769422363
50;1.1;128;;clauset;1.2701933032274244
50;1.1;128;0.01;abc_lin_reg_mle;1.0842405864132918
50;1.1;128;0.01;abc_lin_reg_median;1.0842405864132918
51;1.1;128;;clauset;1.2766020184755327
51;1.1;128;0.01;abc_lin_reg_mle;1.103541606254486
51;1.1;128;0.01;abc_lin_reg_median;1.101041922727687
52;1.1;128;;clauset;1.27591506421566
52;1.1;128;0.01;abc_lin_reg_mle;1.1028555621087002
52;1.1;128;0.01;abc_lin_reg_median;1.0985163310966897
53;1.1;128;;clauset;1.2802071887254713
53;1.1;128;0.01;abc_lin_reg_mle;1.1141946439484267
53;1.1;128;0.01;abc_lin_reg_median;1.110415532585469
54;1.1;128;;clauset;1.2899456495046613
54;1.1;128;0.01;abc_lin_reg_mle;1.1319858077088114
54;1.1;128;0.01;abc_lin_reg_median;1.1232319912919992
55;1.1;128;;clauset;1.274620460867882
55;1.1;128;0.01;abc_lin_reg_mle;1.089974804339395
55;1.1;128;0.01;abc_lin_reg_median;1.0905617362169646
56;1.1;128;;clauset;1.2909551829099655
56;1.1;128;0.01;abc_lin_reg_mle;1.117837814669153
56;1.1;128;0.01;abc_lin_reg_median;1.1137948869564462
57;1.1;128;;clauset;1.262991536259651
57;1.1;128;0.01;abc_lin_reg_mle;1.0775170252330135
57;1.1;128;0.01;abc_lin_reg_median;1.0715028208182489
58;1.1;128;;clauset;1.2805051189661023
58;1.1;128;0.01;abc_lin_reg_mle;1.1125652223651106
58;1.1;128;0.01;abc_lin_reg_median;1.1125652223651106
59;1.1;128;;clauset;1.2732079714536664
59;1.1;128;0.01;abc_lin_reg_mle;1.1032620310554662
59;1.1;128;0.01;abc_lin_reg_median;1.10035634935516
40;1.1;256;;clauset;1.257515192627907
40;1.1;256;0.01;abc_lin_reg_mle;1.1094238933055784
40;1.1;256;0.01;abc_lin_reg_median;1.1085490861129983
41;1.1;256;;clauset;1.2667028039693833
41;1.1;256;0.01;abc_lin_reg_mle;1.1111245929522398
41;1.1;256;0.01;abc_lin_reg_median;1.1176860853957213
42;1.1;256;;clauset;1.2723891991376874
42;1.1;256;0.01;abc_lin_reg_mle;1.127643010370429
42;1.1;256;0.01;abc_lin_reg_median;1.131851075981153
43;1.1;256;;clauset;1.253045167326927
43;1.1;256;0.01;abc_lin_reg_mle;1.1057419813560128
43;1.1;256;0.01;abc_lin_reg_median;1.1063955844392979
44;1.1;256;;clauset;1.2631962293386458
44;1.1;256;0.01;abc_lin_reg_mle;1.1203846671505575
44;1.1;256;0.01;abc_lin_reg_median;1.1190220777479551
45;1.1;256;;clauset;1.2528747683763501
45;1.1;256;0.01;abc_lin_reg_mle;1.0940058109496502
45;1.1;256;0.01;abc_lin_reg_median;1.0952339877563435
46;1.1;256;;clauset;1.2797442179918288
46;1.1;256;0.01;abc_lin_reg_mle;1.1448516825005584
46;1.1;256;0.01;abc_lin_reg_median;1.1401747535386617
47;1.1;256;;clauset;1.2507828265428542
47;1.1;256;0.01;abc_lin_reg_mle;1.106942762613206
47;1.1;256;0.01;abc_lin_reg_median;1.1029966059728025
48;1.1;256;;clauset;1.250045502781868
48;1.1;256;0.01;abc_lin_reg_mle;1.1076870491352173
48;1.1;256;0.01;abc_lin_reg_median;1.0996720424571458
49;1.1;256;;clauset;1.2566706997156143
49;1.1;256;0.01;abc_lin_reg_mle;1.107244539427488
49;1.1;256;0.01;abc_lin_reg_median;1.106548125180121
50;1.1;256;;clauset;1.2499029678106308
50;1.1;256;0.01;abc_lin_reg_mle;1.095489160482472
50;1.1;256;0.01;abc_lin_reg_median;1.0933370354426102
51;1.1;256;;clauset;1.2589223235845566
51;1.1;256;0.01;abc_lin_reg_mle;1.106942199082588
51;1.1;256;0.01;abc_lin_reg_median;1.1105019924503905
52;1.1;256;;clauset;1.2438275486230848
52;1.1;256;0.01;abc_lin_reg_mle;1.085491717634375
52;1.1;256;0.01;abc_lin_reg_median;1.0870314266212169
53;1.1;256;;clauset;1.2453707844018933
53;1.1;256;0.01;abc_lin_reg_mle;1.0816405154807847
53;1.1;256;0.01;abc_lin_reg_median;1.0868421617175519
54;1.1;256;;clauset;1.258077830672264
54;1.1;256;0.01;abc_lin_reg_mle;1.1070027904759143
54;1.1;256;0.01;abc_lin_reg_median;1.1053321693302685
55;1.1;256;;clauset;1.2552560669183728
55;1.1;256;0.01;abc_lin_reg_mle;1.098802558410654
55;1.1;256;0.01;abc_lin_reg_median;1.1019068153953655
56;1.1;256;;clauset;1.2587797886133194
56;1.1;256;0.01;abc_lin_reg_mle;1.1099897556508285
56;1.1;256;0.01;abc_lin_reg_median;1.1083029570319656
57;1.1;256;;clauset;1.2471755129098892
57;1.1;256;0.01;abc_lin_reg_mle;1.0942308025511351
57;1.1;256;0.01;abc_lin_reg_median;1.0977092026183295
58;1.1;256;;clauset;1.2542154544591904
58;1.1;256;0.01;abc_lin_reg_mle;1.1083065747308687
58;1.1;256;0.01;abc_lin_reg_median;1.1049281598630538
59;1.1;256;;clauset;1.2399201613664628
59;1.1;256;0.01;abc_lin_reg_mle;1.0759807229468636
59;1.1;256;0.01;abc_lin_reg_median;1.0749460967363837
40;1.1;512;;clauset;1.2295472592115402
40;1.1;512;0.01;abc_lin_reg_mle;1.0959828051594278
40;1.1;512;0.01;abc_lin_reg_median;1.094666570694869
41;1.1;512;;clauset;1.2437321680784224
41;1.1;512;0.01;abc_lin_reg_mle;1.1154649819697586
41;1.1;512;0.01;abc_lin_reg_median;1.1173830053528695
42;1.1;512;;clauset;1.2412244099378587
42;1.1;512;0.01;abc_lin_reg_mle;1.1186191410576118
42;1.1;512;0.01;abc_lin_reg_median;1.1164324981517384
43;1.1;512;;clauset;1.2253794509172438
43;1.1;512;0.01;abc_lin_reg_mle;1.0928055077445473
43;1.1;512;0.01;abc_lin_reg_median;1.0913197183657668
44;1.1;512;;clauset;1.2417774027585982
44;1.1;512;0.01;abc_lin_reg_mle;1.1155533700246956
44;1.1;512;0.01;abc_lin_reg_median;1.1155533700246956
45;1.1;512;;clauset;1.2333185416460035
45;1.1;512;0.01;abc_lin_reg_mle;1.1041327899061013
45;1.1;512;0.01;abc_lin_reg_median;1.1064052601297065
46;1.1;512;;clauset;1.2355958861112593
46;1.1;512;0.01;abc_lin_reg_mle;1.107283720095402
46;1.1;512;0.01;abc_lin_reg_median;1.1068217281001125
47;1.1;512;;clauset;1.2293179172277449
47;1.1;512;0.01;abc_lin_reg_mle;1.0936807525268182
47;1.1;512;0.01;abc_lin_reg_median;1.0949885777068267
48;1.1;512;;clauset;1.2239401692152023
48;1.1;512;0.01;abc_lin_reg_mle;1.089351568014828
48;1.1;512;0.01;abc_lin_reg_median;1.0882391918939824
49;1.1;512;;clauset;1.2278111189603802
49;1.1;512;0.01;abc_lin_reg_mle;1.092155113813728
49;1.1;512;0.01;abc_lin_reg_median;1.0934720088023882
50;1.1;512;;clauset;1.229178597331047
50;1.1;512;0.01;abc_lin_reg_mle;1.0898753370016685
50;1.1;512;0.01;abc_lin_reg_median;1.0910249666558671
51;1.1;512;;clauset;1.2354479926824569
51;1.1;512;0.01;abc_lin_reg_mle;1.103820307007576
51;1.1;512;0.01;abc_lin_reg_median;1.1046272717972394
52;1.1;512;;clauset;1.2264682894945143
52;1.1;512;0.01;abc_lin_reg_mle;1.0926204740699952
52;1.1;512;0.01;abc_lin_reg_median;1.0910484739844684
53;1.1;512;;clauset;1.2218578726053237
53;1.1;512;0.01;abc_lin_reg_mle;1.084879624840436
53;1.1;512;0.01;abc_lin_reg_median;1.0865831290623915
54;1.1;512;;clauset;1.2405181652307509
54;1.1;512;0.01;abc_lin_reg_mle;1.105481321586467
54;1.1;512;0.01;abc_lin_reg_median;1.1109864406890007
55;1.1;512;;clauset;1.228643823266029
55;1.1;512;0.01;abc_lin_reg_mle;1.0998657245205132
55;1.1;512;0.01;abc_lin_reg_median;1.097563418320912
56;1.1;512;;clauset;1.235245442986488
56;1.1;512;0.01;abc_lin_reg_mle;1.1040919050083118
56;1.1;512;0.01;abc_lin_reg_median;1.1053122999791352
57;1.1;512;;clauset;1.2337236410379409
57;1.1;512;0.01;abc_lin_reg_mle;1.1045204781061149
57;1.1;512;0.01;abc_lin_reg_median;1.1053644608912263
58;1.1;512;;clauset;1.229643711447716
58;1.1;512;0.01;abc_lin_reg_mle;1.0920591031992917
58;1.1;512;0.01;abc_lin_reg_median;1.0931180278967914
59;1.1;512;;clauset;1.228747777342796
59;1.1;512;0.01;abc_lin_reg_mle;1.0993218069972996
59;1.1;512;0.01;abc_lin_reg_median;1.0972900935759762
40;1.1;1024;;clauset;1.2129038900136948
40;1.1;1024;0.01;abc_lin_reg_mle;1.098387883454017
40;1.1;1024;0.01;abc_lin_reg_median;1.1006927569056533
41;1.1;1024;;clauset;1.2193565446138381
41;1.1;1024;0.01;abc_lin_reg_mle;1.1081167122948006
41;1.1;1024;0.01;abc_lin_reg_median;1.1085846027247328
42;1.1;1024;;clauset;1.219513011574745
42;1.1;1024;0.01;abc_lin_reg_mle;1.1080053115691566
42;1.1;1024;0.01;abc_lin_reg_median;1.1092239150773875
43;1.1;1024;;clauset;1.2099192291498182
43;1.1;1024;0.01;abc_lin_reg_mle;1.091403121649072
43;1.1;1024;0.01;abc_lin_reg_median;1.0928332614125544
44;1.1;1024;;clauset;1.2161253947019575
44;1.1;1024;0.01;abc_lin_reg_mle;1.1090116760885202
44;1.1;1024;0.01;abc_lin_reg_median;1.1063686271112265
45;1.1;1024;;clauset;1.2142949455976486
45;1.1;1024;0.01;abc_lin_reg_mle;1.1035829455906496
45;1.1;1024;0.01;abc_lin_reg_median;1.103926555491092
46;1.1;1024;;clauset;1.2160589498281478
46;1.1;1024;0.01;abc_lin_reg_mle;1.103818655442031
46;1.1;1024;0.01;abc_lin_reg_median;1.1058995146339623
47;1.1;1024;;clauset;1.2143860393762587
47;1.1;1024;0.01;abc_lin_reg_mle;1.097120938313766
47;1.1;1024;0.01;abc_lin_reg_median;1.0976936132930641
48;1.1;1024;;clauset;1.2103564792871473
48;1.1;1024;0.01;abc_lin_reg_mle;1.0958621565068338
48;1.1;1024;0.01;abc_lin_reg_median;1.0937716138008424
49;1.1;1024;;clauset;1.2149401038885117
49;1.1;1024;0.01;abc_lin_reg_mle;1.1041388283789795
49;1.1;1024;0.01;abc_lin_reg_median;1.1016371274318095
50;1.1;1024;;clauset;1.2122951692342756
50;1.1;1024;0.01;abc_lin_reg_mle;1.0920203475689148
50;1.1;1024;0.01;abc_lin_reg_median;1.0928834413709447
51;1.1;1024;;clauset;1.2160482329130171
51;1.1;1024;0.01;abc_lin_reg_mle;1.1014172790988843
51;1.1;1024;0.01;abc_lin_reg_median;1.1027740414444327
52;1.1;1024;;clauset;1.2090843814611434
52;1.1;1024;0.01;abc_lin_reg_mle;1.0908376431497786
52;1.1;1024;0.01;abc_lin_reg_median;1.0911067233074743
53;1.1;1024;;clauset;1.2101142770051954
53;1.1;1024;0.01;abc_lin_reg_mle;1.089648697294725
53;1.1;1024;0.01;abc_lin_reg_median;1.0922389781211717
54;1.1;1024;;clauset;1.2161564737558364
54;1.1;1024;0.01;abc_lin_reg_mle;1.102594215701152
54;1.1;1024;0.01;abc_lin_reg_median;1.102594215701152
55;1.1;1024;;clauset;1.2110370033979414
55;1.1;1024;0.01;abc_lin_reg_mle;1.093484391488536
55;1.1;1024;0.01;abc_lin_reg_median;1.0944732955839254
56;1.1;1024;;clauset;1.2175164502859113
56;1.1;1024;0.01;abc_lin_reg_mle;1.1028079961193151
56;1.1;1024;0.01;abc_lin_reg_median;1.1031426232561734
57;1.1;1024;;clauset;1.2159978634119033
57;1.1;1024;0.01;abc_lin_reg_mle;1.1011595486270838
57;1.1;1024;0.01;abc_lin_reg_median;1.100781059028944
58;1.1;1024;;clauset;1.212193358540535
58;1.1;1024;0.01;abc_lin_reg_mle;1.0951367345014644
58;1.1;1024;0.01;abc_lin_reg_median;1.0957967948931706
59;1.1;1024;;clauset;1.219008244872093
59;1.1;1024;0.01;abc_lin_reg_mle;1.110649200907844
59;1.1;1024;0.01;abc_lin_reg_median;1.1095862171955782
40;1.1;2048;;clauset;1.1987350565195083
40;1.1;2048;0.01;abc_lin_reg_mle;1.0956960202363821
40;1.1;2048;0.01;abc_lin_reg_median;1.095876977966606
41;1.1;2048;;clauset;1.2032468777894973
41;1.1;2048;0.01;abc_lin_reg_mle;1.1034328400521223
41;1.1;2048;0.01;abc_lin_reg_median;1.1023935693661753
42;1.1;2048;;clauset;1.2012621051073071
42;1.1;2048;0.01;abc_lin_reg_mle;1.09847182780299
42;1.1;2048;0.01;abc_lin_reg_median;1.0988704500794486
43;1.1;2048;;clauset;1.1997295862436295
43;1.1;2048;0.01;abc_lin_reg_mle;1.1025599131759236
43;1.1;2048;0.01;abc_lin_reg_median;1.1009329062206166
44;1.1;2048;;clauset;1.1994413012266159
44;1.1;2048;0.01;abc_lin_reg_mle;1.097686779723544
44;1.1;2048;0.01;abc_lin_reg_median;1.098046670056657
45;1.1;2048;;clauset;1.2016264802217482
45;1.1;2048;0.01;abc_lin_reg_mle;1.1020606223525917
45;1.1;2048;0.01;abc_lin_reg_median;1.102655892005275
46;1.1;2048;;clauset;1.2025920742750165
46;1.1;2048;0.01;abc_lin_reg_mle;1.1027984607899153
46;1.1;2048;0.01;abc_lin_reg_median;1.1027984607899153
47;1.1;2048;;clauset;1.1997606652975081
47;1.1;2048;0.01;abc_lin_reg_mle;1.0992797451068106
47;1.1;2048;0.01;abc_lin_reg_median;1.0998995036748866
48;1.1;2048;;clauset;1.201363915801048
48;1.1;2048;0.01;abc_lin_reg_mle;1.1020653134520846
48;1.1;2048;0.01;abc_lin_reg_median;1.1012268170774875
49;1.1;2048;;clauset;1.201099207997322
49;1.1;2048;0.01;abc_lin_reg_mle;1.1002473031797206
49;1.1;2048;0.01;abc_lin_reg_median;1.1006052214836994
50;1.1;2048;;clauset;1.195420314669609
50;1.1;2048;0.01;abc_lin_reg_mle;1.094375519793272
50;1.1;2048;0.01;abc_lin_reg_median;1.093925400393193
51;1.1;2048;;clauset;1.2001679080724714
51;1.1;2048;0.01;abc_lin_reg_mle;1.0985231353256926
51;1.1;2048;0.01;abc_lin_reg_median;1.0983146669599304
52;1.1;2048;;clauset;1.1992291063070295
52;1.1;2048;0.01;abc_lin_reg_mle;1.1017448207612728
52;1.1;2048;0.01;abc_lin_reg_median;1.099992155324033
53;1.1;2048;;clauset;1.1975015395879745
53;1.1;2048;0.01;abc_lin_reg_mle;1.0953912180541623
53;1.1;2048;0.01;abc_lin_reg_median;1.09517780504565
54;1.1;2048;;clauset;1.2014946621656415
54;1.1;2048;0.01;abc_lin_reg_mle;1.101930995968377
54;1.1;2048;0.01;abc_lin_reg_median;1.1017232605309366
55;1.1;2048;;clauset;1.1992987662553785
55;1.1;2048;0.01;abc_lin_reg_mle;1.0979279203730254
55;1.1;2048;0.01;abc_lin_reg_median;1.0979279203730254
56;1.1;2048;;clauset;1.2020819491147992
56;1.1;2048;0.01;abc_lin_reg_mle;1.1007472425532694
56;1.1;2048;0.01;abc_lin_reg_median;1.10090930922702
57;1.1;2048;;clauset;1.2035394495725629
57;1.1;2048;0.01;abc_lin_reg_mle;1.1045773237601966
57;1.1;2048;0.01;abc_lin_reg_median;1.1038009920875875
58;1.1;2048;;clauset;1.200650169253349
58;1.1;2048;0.01;abc_lin_reg_mle;1.102450685047325
58;1.1;2048;0.01;abc_lin_reg_median;1.1020682537928213
59;1.1;2048;;clauset;1.2004862004518508
59;1.1;2048;0.01;abc_lin_reg_mle;1.0989417022758892
59;1.1;2048;0.01;abc_lin_reg_median;1.100890213568812
40;1.1;4096;;clauset;1.1864245361089707
40;1.1;4096;0.01;abc_lin_reg_mle;1.0946621332744033
40;1.1;4096;0.01;abc_lin_reg_median;1.0952530033941321
41;1.1;4096;;clauset;1.1906052047014235
41;1.1;4096;0.01;abc_lin_reg_mle;1.104225745662358
41;1.1;4096;0.01;abc_lin_reg_median;1.1024533301736381
42;1.1;4096;;clauset;1.1878113049268721
42;1.1;4096;0.01;abc_lin_reg_mle;1.0972052221693016
42;1.1;4096;0.01;abc_lin_reg_median;1.097504191658829
43;1.1;4096;;clauset;1.187166146636009
43;1.1;4096;0.01;abc_lin_reg_mle;1.0977595240900344
43;1.1;4096;0.01;abc_lin_reg_median;1.0970035430796004
44;1.1;4096;;clauset;1.1878873950242994
44;1.1;4096;0.01;abc_lin_reg_mle;1.0992035135709066
44;1.1;4096;0.01;abc_lin_reg_median;1.098847905980116
45;1.1;4096;;clauset;1.1906512874364852
45;1.1;4096;0.01;abc_lin_reg_mle;1.1023753513834034
45;1.1;4096;0.01;abc_lin_reg_median;1.1028509195625091
46;1.1;4096;;clauset;1.1883182150125502
46;1.1;4096;0.01;abc_lin_reg_mle;1.0981811249380282
46;1.1;4096;0.01;abc_lin_reg_median;1.0979608887468943
47;1.1;4096;;clauset;1.1899814802408217
47;1.1;4096;0.01;abc_lin_reg_mle;1.1009522805715832
47;1.1;4096;0.01;abc_lin_reg_median;1.1018123409828924
48;1.1;4096;;clauset;1.1870043212175367
48;1.1;4096;0.01;abc_lin_reg_mle;1.098691575992053
48;1.1;4096;0.01;abc_lin_reg_median;1.0974031147582213
49;1.1;4096;;clauset;1.1913575321435925
49;1.1;4096;0.01;abc_lin_reg_mle;1.102930045841807
49;1.1;4096;0.01;abc_lin_reg_median;1.1041458574317913
50;1.1;4096;;clauset;1.185926199555397
50;1.1;4096;0.01;abc_lin_reg_mle;1.0953488965524432
50;1.1;4096;0.01;abc_lin_reg_median;1.095841116782539
51;1.1;4096;;clauset;1.1891991454362867
51;1.1;4096;0.01;abc_lin_reg_mle;1.1011048412750426
51;1.1;4096;0.01;abc_lin_reg_median;1.101386581497833
52;1.1;4096;;clauset;1.1882732039690016
52;1.1;4096;0.01;abc_lin_reg_mle;1.0993240568161822
52;1.1;4096;0.01;abc_lin_reg_median;1.0995213178964922
53;1.1;4096;;clauset;1.188035288453102
53;1.1;4096;0.01;abc_lin_reg_mle;1.0973399852666312
53;1.1;4096;0.01;abc_lin_reg_median;1.0988634734357023
54;1.1;4096;;clauset;1.1883064264059064
54;1.1;4096;0.01;abc_lin_reg_mle;1.0995702121429747
54;1.1;4096;0.01;abc_lin_reg_median;1.098834017534982
55;1.1;4096;;clauset;1.1872379499673844
55;1.1;4096;0.01;abc_lin_reg_mle;1.0975109901514066
55;1.1;4096;0.01;abc_lin_reg_median;1.098135944410208
56;1.1;4096;;clauset;1.1920937842130659
56;1.1;4096;0.01;abc_lin_reg_mle;1.1018991014995823
56;1.1;4096;0.01;abc_lin_reg_median;1.1032303923676878
57;1.1;4096;;clauset;1.1912696534395217
57;1.1;4096;0.01;abc_lin_reg_mle;1.106635815259461
57;1.1;4096;0.01;abc_lin_reg_median;1.105626392732909
58;1.1;4096;;clauset;1.1876912754774094
58;1.1;4096;0.01;abc_lin_reg_mle;1.0979218773102506
58;1.1;4096;0.01;abc_lin_reg_median;1.0989692013437566
59;1.1;4096;;clauset;1.1885700625181197
59;1.1;4096;0.01;abc_lin_reg_mle;1.1006062440400821
59;1.1;4096;0.01;abc_lin_reg_median;1.100213659206851
40;1.1;8192;;clauset;1.178605474829674
40;1.1;8192;0.01;abc_lin_reg_mle;1.0985823155484982
40;1.1;8192;0.01;abc_lin_reg_median;1.0995885153510976
41;1.1;8192;;clauset;1.1801755028963088
41;1.1;8192;0.01;abc_lin_reg_mle;1.1021218349050599
41;1.1;8192;0.01;abc_lin_reg_median;1.1009946444450731
42;1.1;8192;;clauset;1.1782003754377364
42;1.1;8192;0.01;abc_lin_reg_mle;1.1004853669950885
42;1.1;8192;0.01;abc_lin_reg_median;1.1000765899112877
43;1.1;8192;;clauset;1.1773858898878098
43;1.1;8192;0.01;abc_lin_reg_mle;1.096935811971837
43;1.1;8192;0.01;abc_lin_reg_median;1.097439024452527
44;1.1;8192;;clauset;1.1784950906038285
44;1.1;8192;0.01;abc_lin_reg_mle;1.098556556494636
44;1.1;8192;0.01;abc_lin_reg_median;1.098493563535668
45;1.1;8192;;clauset;1.1781371456384657
45;1.1;8192;0.01;abc_lin_reg_mle;1.0971640861292227
45;1.1;8192;0.01;abc_lin_reg_median;1.0974251953096446
46;1.1;8192;;clauset;1.1786858516931533
46;1.1;8192;0.01;abc_lin_reg_mle;1.099482974535572
46;1.1;8192;0.01;abc_lin_reg_median;1.0996627949368687
47;1.1;8192;;clauset;1.17960536301136
47;1.1;8192;0.01;abc_lin_reg_mle;1.0996306899484503
47;1.1;8192;0.01;abc_lin_reg_median;1.0999409337596633
48;1.1;8192;;clauset;1.1782153791189192
48;1.1;8192;0.01;abc_lin_reg_mle;1.099400683441463
48;1.1;8192;0.01;abc_lin_reg_median;1.0989948130807843
49;1.1;8192;;clauset;1.181697304844856
49;1.1;8192;0.01;abc_lin_reg_mle;1.1045995157809338
49;1.1;8192;0.01;abc_lin_reg_median;1.10450337443815
50;1.1;8192;;clauset;1.178994498848915
50;1.1;8192;0.01;abc_lin_reg_mle;1.0985648944298392
50;1.1;8192;0.01;abc_lin_reg_median;1.0990745795275065
51;1.1;8192;;clauset;1.1798550671339034
51;1.1;8192;0.01;abc_lin_reg_mle;1.1016472313036256
51;1.1;8192;0.01;abc_lin_reg_median;1.1012299041535587
52;1.1;8192;;clauset;1.1795442765951154
52;1.1;8192;0.01;abc_lin_reg_mle;1.1015168128723951
52;1.1;8192;0.01;abc_lin_reg_median;1.1011001565385867
53;1.1;8192;;clauset;1.1783622008562087
53;1.1;8192;0.01;abc_lin_reg_mle;1.099040314114994
53;1.1;8192;0.01;abc_lin_reg_median;1.0989413173962128
54;1.1;8192;;clauset;1.1783364802598952
54;1.1;8192;0.01;abc_lin_reg_mle;1.0985481338548873
54;1.1;8192;0.01;abc_lin_reg_median;1.0989831984606675
55;1.1;8192;;clauset;1.1795592802762984
55;1.1;8192;0.01;abc_lin_reg_mle;1.0986364845388574
55;1.1;8192;0.01;abc_lin_reg_median;1.0990602106143679
56;1.1;8192;;clauset;1.179967594742775
56;1.1;8192;0.01;abc_lin_reg_mle;1.1008332073668163
56;1.1;8192;0.01;abc_lin_reg_median;1.1004717804986224
57;1.1;8192;;clauset;1.1804691463708874
57;1.1;8192;0.01;abc_lin_reg_mle;1.1004032226115108
57;1.1;8192;0.01;abc_lin_reg_median;1.1009640865079906
58;1.1;8192;;clauset;1.1782196658849715
58;1.1;8192;0.01;abc_lin_reg_mle;1.098315871689658
58;1.1;8192;0.01;abc_lin_reg_median;1.098433049204511
59;1.1;8192;;clauset;1.1791434639692306
59;1.1;8192;0.01;abc_lin_reg_mle;1.099387096629953
59;1.1;8192;0.01;abc_lin_reg_median;1.099641870469004
40;1.1;16384;;clauset;1.169864758849144
40;1.1;16384;0.01;abc_lin_reg_mle;1.098411744986216
40;1.1;16384;0.01;abc_lin_reg_median;1.0986746627045332
41;1.1;16384;;clauset;1.1714144247770306
41;1.1;16384;0.01;abc_lin_reg_mle;1.0993610190810472
41;1.1;16384;0.01;abc_lin_reg_median;1.0997030091420885
42;1.1;16384;;clauset;1.1711711508035658
42;1.1;16384;0.01;abc_lin_reg_mle;1.1003871593244547
42;1.1;16384;0.01;abc_lin_reg_median;1.1003317410188682
43;1.1;16384;;clauset;1.1694939535856244
43;1.1;16384;0.01;abc_lin_reg_mle;1.0975801328092432
43;1.1;16384;0.01;abc_lin_reg_median;1.097508087060536
44;1.1;16384;;clauset;1.17082606613636
44;1.1;16384;0.01;abc_lin_reg_mle;1.0996999321221679
44;1.1;16384;0.01;abc_lin_reg_median;1.0998140946717374
45;1.1;16384;;clauset;1.170927876830101
45;1.1;16384;0.01;abc_lin_reg_mle;1.1001596384061294
45;1.1;16384;0.01;abc_lin_reg_median;1.100219609072774
46;1.1;16384;;clauset;1.1704113215208052
46;1.1;16384;0.01;abc_lin_reg_mle;1.0989812292778547
46;1.1;16384;0.01;abc_lin_reg_median;1.0990448002818762
47;1.1;16384;;clauset;1.1711186379194258
47;1.1;16384;0.01;abc_lin_reg_mle;1.0993400632905563
47;1.1;16384;0.01;abc_lin_reg_median;1.0993400632905563
48;1.1;16384;;clauset;1.1702998656034467
48;1.1;16384;0.01;abc_lin_reg_mle;1.0991331355255511
48;1.1;16384;0.01;abc_lin_reg_median;1.0988215505758334
49;1.1;16384;;clauset;1.1720135003328325
49;1.1;16384;0.01;abc_lin_reg_mle;1.1010801402940356
49;1.1;16384;0.01;abc_lin_reg_median;1.100922485500589
50;1.1;16384;;clauset;1.1710779136419296
50;1.1;16384;0.01;abc_lin_reg_mle;1.1008032666238174
50;1.1;16384;0.01;abc_lin_reg_median;1.100738140104378
51;1.1;16384;;clauset;1.171902044415474
51;1.1;16384;0.01;abc_lin_reg_mle;1.101023033246134
51;1.1;16384;0.01;abc_lin_reg_median;1.101023033246134
52;1.1;16384;;clauset;1.1717927318811414
52;1.1;16384;0.01;abc_lin_reg_mle;1.1008608857954587
52;1.1;16384;0.01;abc_lin_reg_median;1.1012360633587088
53;1.1;16384;;clauset;1.1701926964521407
53;1.1;16384;0.01;abc_lin_reg_mle;1.0995193662984657
53;1.1;16384;0.01;abc_lin_reg_median;1.0988891365790776
54;1.1;16384;;clauset;1.1706235164403913
54;1.1;16384;0.01;abc_lin_reg_mle;1.09971302307681
54;1.1;16384;0.01;abc_lin_reg_median;1.09971302307681
55;1.1;16384;;clauset;1.1712322372198105
55;1.1;16384;0.01;abc_lin_reg_mle;1.0996910573440657
55;1.1;16384;0.01;abc_lin_reg_median;1.0993923851180931
56;1.1;16384;;clauset;1.1714615792036056
56;1.1;16384;0.01;abc_lin_reg_mle;1.1005785290555894
56;1.1;16384;0.01;abc_lin_reg_median;1.1002923916607583
57;1.1;16384;;clauset;1.1709214466810227
57;1.1;16384;0.01;abc_lin_reg_mle;1.1005233853708036
57;1.1;16384;0.01;abc_lin_reg_median;1.100356742209226
58;1.1;16384;;clauset;1.1709321635961534
58;1.1;16384;0.01;abc_lin_reg_mle;1.0996810430885327
58;1.1;16384;0.01;abc_lin_reg_median;1.0999722803544083
59;1.1;16384;;clauset;1.1713929909467695
59;1.1;16384;0.01;abc_lin_reg_mle;1.1001438754917654
59;1.1;16384;0.01;abc_lin_reg_median;1.10025166789349
40;1.1;32768;;clauset;1.1637153929471966
40;1.1;32768;0.01;abc_lin_reg_mle;1.0996785127819646
40;1.1;32768;0.01;abc_lin_reg_median;1.0996187401260564
41;1.1;32768;;clauset;1.1634131759405135
41;1.1;32768;0.01;abc_lin_reg_mle;1.0988555063414691
41;1.1;32768;0.01;abc_lin_reg_median;1.0991013128626341
42;1.1;32768;;clauset;1.1640594059228895
42;1.1;32768;0.01;abc_lin_reg_mle;1.0996514626604172
42;1.1;32768;0.01;abc_lin_reg_median;1.0997502413684663
43;1.1;32768;;clauset;1.1631666868925092
43;1.1;32768;0.01;abc_lin_reg_mle;1.0988266477348365
43;1.1;32768;0.01;abc_lin_reg_median;1.0987745559557596
44;1.1;32768;;clauset;1.1645170181989668
44;1.1;32768;0.01;abc_lin_reg_mle;1.1003854054490116
44;1.1;32768;0.01;abc_lin_reg_median;1.1006820992359887
45;1.1;32768;;clauset;1.1634517568349836
45;1.1;32768;0.01;abc_lin_reg_mle;1.0998679222900056
45;1.1;32768;0.01;abc_lin_reg_median;1.0995583687019586
46;1.1;32768;;clauset;1.1635728579759597
46;1.1;32768;0.01;abc_lin_reg_mle;1.0989414474989598
46;1.1;32768;0.01;abc_lin_reg_median;1.099128194327439
47;1.1;32768;;clauset;1.163684313893318
47;1.1;32768;0.01;abc_lin_reg_mle;1.1001661891104781
47;1.1;32768;0.01;abc_lin_reg_median;1.0999791478447625
48;1.1;32768;;clauset;1.164139782786369
48;1.1;32768;0.01;abc_lin_reg_mle;1.1005193158276285
48;1.1;32768;0.01;abc_lin_reg_median;1.1004585481735831
49;1.1;32768;;clauset;1.164224446415901
49;1.1;32768;0.01;abc_lin_reg_mle;1.0996054095072332
49;1.1;32768;0.01;abc_lin_reg_median;1.0997610555167718
50;1.1;32768;;clauset;1.163949021697044
50;1.1;32768;0.01;abc_lin_reg_mle;1.1003585719813969
50;1.1;32768;0.01;abc_lin_reg_median;1.0999386025670834
51;1.1;32768;;clauset;1.1646531230211257
51;1.1;32768;0.01;abc_lin_reg_mle;1.101099276929254
51;1.1;32768;0.01;abc_lin_reg_median;1.101295221896815
52;1.1;32768;;clauset;1.1642705291509627
52;1.1;32768;0.01;abc_lin_reg_mle;1.0997974451886539
52;1.1;32768;0.01;abc_lin_reg_median;1.1001156536446393
53;1.1;32768;;clauset;1.1627337235212325
53;1.1;32768;0.01;abc_lin_reg_mle;1.0979065551379075
53;1.1;32768;0.01;abc_lin_reg_median;1.0981263763659461
54;1.1;32768;;clauset;1.163122747540474
54;1.1;32768;0.01;abc_lin_reg_mle;1.0989010007875415
54;1.1;32768;0.01;abc_lin_reg_median;1.0989565787528661
55;1.1;32768;;clauset;1.163911512494087
55;1.1;32768;0.01;abc_lin_reg_mle;1.1000310416465486
55;1.1;32768;0.01;abc_lin_reg_median;1.0998380413579765
56;1.1;32768;;clauset;1.1642630273103713
56;1.1;32768;0.01;abc_lin_reg_mle;1.1003982608308935
56;1.1;32768;0.01;abc_lin_reg_median;1.1003519214702888
57;1.1;32768;;clauset;1.163523560166359
57;1.1;32768;0.01;abc_lin_reg_mle;1.099114093402762
57;1.1;32768;0.01;abc_lin_reg_median;1.0992329409578545
58;1.1;32768;;clauset;1.1638675731420516
58;1.1;32768;0.01;abc_lin_reg_mle;1.0998446194854623
58;1.1;32768;0.01;abc_lin_reg_median;1.0999392644047261
59;1.1;32768;;clauset;1.1636425179243086
59;1.1;32768;0.01;abc_lin_reg_mle;1.0998565265206954
59;1.1;32768;0.01;abc_lin_reg_median;1.0997537454545685
40;1.1;65536;;clauset;1.157866100668907
40;1.1;65536;0.01;abc_lin_reg_mle;1.1001228345681486
40;1.1;65536;0.01;abc_lin_reg_median;1.0999874246087236
41;1.1;65536;;clauset;1.1576206833124159
41;1.1;65536;0.01;abc_lin_reg_mle;1.0998875814155895
41;1.1;65536;0.01;abc_lin_reg_median;1.099861288361062
42;1.1;65536;;clauset;1.1578017991781233
42;1.1;65536;0.01;abc_lin_reg_mle;1.0999876223569003
42;1.1;65536;0.01;abc_lin_reg_median;1.099824622870741
43;1.1;65536;;clauset;1.1580472165346145
43;1.1;65536;0.01;abc_lin_reg_mle;1.1006403118922983
43;1.1;65536;0.01;abc_lin_reg_median;1.1005668448514592
44;1.1;65536;;clauset;1.1580472165346145
44;1.1;65536;0.01;abc_lin_reg_mle;1.1006582580018873
44;1.1;65536;0.01;abc_lin_reg_median;1.1004546827086974
45;1.1;65536;;clauset;1.1576989167928693
45;1.1;65536;0.01;abc_lin_reg_mle;1.0999384391828328
45;1.1;65536;0.01;abc_lin_reg_median;1.0999384391828328
46;1.1;65536;;clauset;1.1576999884843824
46;1.1;65536;0.01;abc_lin_reg_mle;1.0996219103513445
46;1.1;65536;0.01;abc_lin_reg_median;1.0997314987672582
47;1.1;65536;;clauset;1.1580257827043532
47;1.1;65536;0.01;abc_lin_reg_mle;1.1002080041231794
47;1.1;65536;0.01;abc_lin_reg_median;1.1002307280244583
48;1.1;65536;;clauset;1.1580568617582319
48;1.1;65536;0.01;abc_lin_reg_mle;1.0998849220551288
48;1.1;65536;0.01;abc_lin_reg_median;1.0999133419781175
49;1.1;65536;;clauset;1.1580289977788925
49;1.1;65536;0.01;abc_lin_reg_mle;1.0998428853423416
49;1.1;65536;0.01;abc_lin_reg_median;1.099902492439507
50;1.1;65536;;clauset;1.158255124688148
50;1.1;65536;0.01;abc_lin_reg_mle;1.100676105443178
50;1.1;65536;0.01;abc_lin_reg_median;1.1006472847359354
51;1.1;65536;;clauset;1.1581715327501294
51;1.1;65536;0.01;abc_lin_reg_mle;1.1006210968183607
51;1.1;65536;0.01;abc_lin_reg_median;1.1005950419258865
52;1.1;65536;;clauset;1.157777150273323
52;1.1;65536;0.01;abc_lin_reg_mle;1.099601876744739
52;1.1;65536;0.01;abc_lin_reg_median;1.0996445846349518
53;1.1;65536;;clauset;1.157434208989143
53;1.1;65536;0.01;abc_lin_reg_mle;1.0996708194603646
53;1.1;65536;0.01;abc_lin_reg_median;1.0995479342639174
54;1.1;65536;;clauset;1.1576121097803114
54;1.1;65536;0.01;abc_lin_reg_mle;1.0999406123064954
54;1.1;65536;0.01;abc_lin_reg_median;1.0999211808989435
55;1.1;65536;;clauset;1.158128665089607
55;1.1;65536;0.01;abc_lin_reg_mle;1.1004359460011457
55;1.1;65536;0.01;abc_lin_reg_median;1.1003550012113044
56;1.1;65536;;clauset;1.158532692790031
56;1.1;65536;0.01;abc_lin_reg_mle;1.1011823573517512
56;1.1;65536;0.01;abc_lin_reg_median;1.101143909168306
57;1.1;65536;;clauset;1.1571469956636427
57;1.1;65536;0.01;abc_lin_reg_mle;1.0988981563050841
57;1.1;65536;0.01;abc_lin_reg_median;1.098929622436141
58;1.1;65536;;clauset;1.1579143267869947
58;1.1;65536;0.01;abc_lin_reg_mle;1.0997830135317253
58;1.1;65536;0.01;abc_lin_reg_median;1.0998833862162807
59;1.1;65536;;clauset;1.1579625529050823
59;1.1;65536;0.01;abc_lin_reg_mle;1.1001914851653942
59;1.1;65536;0.01;abc_lin_reg_median;1.1003690074000692
40;1.1;131072;;clauset;1.152654464840889
40;1.1;131072;0.01;abc_lin_reg_mle;1.1002812287945523
40;1.1;131072;0.01;abc_lin_reg_median;1.1001901148360567
41;1.1;131072;;clauset;1.152466918826103
41;1.1;131072;0.01;abc_lin_reg_mle;1.0997660954903712
41;1.1;131072;0.01;abc_lin_reg_median;1.0997972809790713
42;1.1;131072;;clauset;1.1524047607183456
42;1.1;131072;0.01;abc_lin_reg_mle;1.0998967306022553
42;1.1;131072;0.01;abc_lin_reg_median;1.0997626978423647
43;1.1;131072;;clauset;1.152620170712471
43;1.1;131072;0.01;abc_lin_reg_mle;1.10001053230694
43;1.1;131072;0.01;abc_lin_reg_median;1.100092508196342
44;1.1;131072;;clauset;1.1526769703626631
44;1.1;131072;0.01;abc_lin_reg_mle;1.1000190966032244
44;1.1;131072;0.01;abc_lin_reg_median;1.1002077290090178
45;1.1;131072;;clauset;1.1524604886770247
45;1.1;131072;0.01;abc_lin_reg_mle;1.099609259109831
45;1.1;131072;0.01;abc_lin_reg_median;1.0996900921443722
46;1.1;131072;;clauset;1.1524626320600508
46;1.1;131072;0.01;abc_lin_reg_mle;1.0998192567746283
46;1.1;131072;0.01;abc_lin_reg_median;1.0998397130637017
47;1.1;131072;;clauset;1.1522804445028305
47;1.1;131072;0.01;abc_lin_reg_mle;1.099942328505392
47;1.1;131072;0.01;abc_lin_reg_median;1.0998618947258896
48;1.1;131072;;clauset;1.1527144795656203
48;1.1;131072;0.01;abc_lin_reg_mle;1.1003695191090972
48;1.1;131072;0.01;abc_lin_reg_median;1.100279694619594
49;1.1;131072;;clauset;1.1527144795656203
49;1.1;131072;0.01;abc_lin_reg_mle;1.1001391152573405
49;1.1;131072;0.01;abc_lin_reg_median;1.1001820704336198
50;1.1;131072;;clauset;1.1528495126962661
50;1.1;131072;0.01;abc_lin_reg_mle;1.1005807777534105
50;1.1;131072;0.01;abc_lin_reg_median;1.1005599769443133
51;1.1;131072;;clauset;1.1526608949899673
51;1.1;131072;0.01;abc_lin_reg_mle;1.1003092306955398
51;1.1;131072;0.01;abc_lin_reg_median;1.1003092306955398
52;1.1;131072;;clauset;1.1526469630002973
52;1.1;131072;0.01;abc_lin_reg_mle;1.1002698266536775
52;1.1;131072;0.01;abc_lin_reg_median;1.1000998005946179
53;1.1;131072;;clauset;1.1524937111139295
53;1.1;131072;0.01;abc_lin_reg_mle;1.100198954427638
53;1.1;131072;0.01;abc_lin_reg_median;1.1001428358041916
54;1.1;131072;;clauset;1.1525890916585921
54;1.1;131072;0.01;abc_lin_reg_mle;1.1000719332588154
54;1.1;131072;0.01;abc_lin_reg_median;1.1001214491842646
55;1.1;131072;;clauset;1.1524894243478774
55;1.1;131072;0.01;abc_lin_reg_mle;1.0998972429005356
55;1.1;131072;0.01;abc_lin_reg_median;1.0999985046478862
56;1.1;131072;;clauset;1.1527166229486463
56;1.1;131072;0.01;abc_lin_reg_mle;1.1001459955472637
56;1.1;131072;0.01;abc_lin_reg_median;1.1001459955472637
57;1.1;131072;;clauset;1.1521464830636978
57;1.1;131072;0.01;abc_lin_reg_mle;1.0992668434122035
57;1.1;131072;0.01;abc_lin_reg_median;1.0992287882011962
58;1.1;131072;;clauset;1.152636246085167
58;1.1;131072;0.01;abc_lin_reg_mle;1.1002620004307284
58;1.1;131072;0.01;abc_lin_reg_median;1.1000430070360914
59;1.1;131072;;clauset;1.1524272662401198
59;1.1;131072;0.01;abc_lin_reg_mle;1.1000693234350207
59;1.1;131072;0.01;abc_lin_reg_median;1.1000277941104453
40;1.1;262144;;clauset;1.1477236121892929
40;1.1;262144;0.01;abc_lin_reg_mle;1.0998562234115234
40;1.1;262144;0.01;abc_lin_reg_median;1.0998224012115467
41;1.1;262144;;clauset;1.147653952240944
41;1.1;262144;0.01;abc_lin_reg_mle;1.0997266686842542
41;1.1;262144;0.01;abc_lin_reg_median;1.0997438620885251
42;1.1;262144;;clauset;1.1476443070173263
42;1.1;262144;0.01;abc_lin_reg_mle;1.0999560404391149
42;1.1;262144;0.01;abc_lin_reg_median;1.099808158369651
43;1.1;262144;;clauset;1.1478757923841478
43;1.1;262144;0.01;abc_lin_reg_mle;1.1000988944695755
43;1.1;262144;0.01;abc_lin_reg_median;1.1001130533205403
44;1.1;262144;;clauset;1.1476689559221267
44;1.1;262144;0.01;abc_lin_reg_mle;1.0996469933208068
44;1.1;262144;0.01;abc_lin_reg_median;1.099657733320874
45;1.1;262144;;clauset;1.1475778621435164
45;1.1;262144;0.01;abc_lin_reg_mle;1.0995275465372172
45;1.1;262144;0.01;abc_lin_reg_median;1.0995492757157372
46;1.1;262144;;clauset;1.1477021783590315
46;1.1;262144;0.01;abc_lin_reg_mle;1.100027984837662
46;1.1;262144;0.01;abc_lin_reg_median;1.0998945799344089
47;1.1;262144;;clauset;1.1477278989553452
47;1.1;262144;0.01;abc_lin_reg_mle;1.0998059900651362
47;1.1;262144;0.01;abc_lin_reg_median;1.099872603656097
48;1.1;262144;;clauset;1.1479379504919054
48;1.1;262144;0.01;abc_lin_reg_mle;1.100357279996121
48;1.1;262144;0.01;abc_lin_reg_median;1.100206672639296
49;1.1;262144;;clauset;1.1477900570631028
49;1.1;262144;0.01;abc_lin_reg_mle;1.1000214709997775
49;1.1;262144;0.01;abc_lin_reg_median;1.1000040556502342
50;1.1;262144;;clauset;1.148020470738411
50;1.1;262144;0.01;abc_lin_reg_mle;1.100323697830462
50;1.1;262144;0.01;abc_lin_reg_median;1.1002440576561154
51;1.1;262144;;clauset;1.1477000349760054
51;1.1;262144;0.01;abc_lin_reg_mle;1.099770825877808
51;1.1;262144;0.01;abc_lin_reg_median;1.099770825877808
52;1.1;262144;;clauset;1.148021542429924
52;1.1;262144;0.01;abc_lin_reg_mle;1.1003546046659864
52;1.1;262144;0.01;abc_lin_reg_median;1.1003078922604748
53;1.1;262144;;clauset;1.1477718383073807
53;1.1;262144;0.01;abc_lin_reg_mle;1.0999857035624707
53;1.1;262144;0.01;abc_lin_reg_median;1.0999532983528404
54;1.1;262144;;clauset;1.1477536195516587
54;1.1;262144;0.01;abc_lin_reg_mle;1.09966075564033
54;1.1;262144;0.01;abc_lin_reg_median;1.0998289810480026
55;1.1;262144;;clauset;1.1479808181524278
55;1.1;262144;0.01;abc_lin_reg_mle;1.1005108442072573
55;1.1;262144;0.01;abc_lin_reg_median;1.100400734264895
56;1.1;262144;;clauset;1.1478339964151383
56;1.1;262144;0.01;abc_lin_reg_mle;1.0999409883691216
56;1.1;262144;0.01;abc_lin_reg_median;1.0999724787927796
57;1.1;262144;;clauset;1.1476528805494308
57;1.1;262144;0.01;abc_lin_reg_mle;1.099505403518545
57;1.1;262144;0.01;abc_lin_reg_median;1.099706225852825
58;1.1;262144;;clauset;1.1480279725790024
58;1.1;262144;0.01;abc_lin_reg_mle;1.1003584014644663
58;1.1;262144;0.01;abc_lin_reg_median;1.1004411661392455
59;1.1;262144;;clauset;1.147950810790062
59;1.1;262144;0.01;abc_lin_reg_mle;1.1001376932459173
59;1.1;262144;0.01;abc_lin_reg_median;1.1002169743054442
40;1.1;524288;;clauset;1.1437765723466875
40;1.1;524288;0.01;abc_lin_reg_mle;1.0999285936394874
40;1.1;524288;0.01;abc_lin_reg_median;1.0999740738392572
41;1.1;524288;;clauset;1.1436972671747208
41;1.1;524288;0.01;abc_lin_reg_mle;1.1000303815145516
41;1.1;524288;0.01;abc_lin_reg_median;1.1000015126046374
42;1.1;524288;;clauset;1.1436554712057114
42;1.1;524288;0.01;abc_lin_reg_mle;1.0998864914686595
42;1.1;524288;0.01;abc_lin_reg_median;1.0999624847534768
43;1.1;524288;;clauset;1.1436383241415025
43;1.1;524288;0.01;abc_lin_reg_mle;1.0999620065080271
43;1.1;524288;0.01;abc_lin_reg_median;1.0999620065080271
44;1.1;524288;;clauset;1.143613675236702
44;1.1;524288;0.01;abc_lin_reg_mle;1.0996623581774603
44;1.1;524288;0.01;abc_lin_reg_median;1.0997830027727329
45;1.1;524288;;clauset;1.1434775704145435
45;1.1;524288;0.01;abc_lin_reg_mle;1.0996867978108682
45;1.1;524288;0.01;abc_lin_reg_median;1.0997718981412206
46;1.1;524288;;clauset;1.1436190336942673
46;1.1;524288;0.01;abc_lin_reg_mle;1.100008233510526
46;1.1;524288;0.01;abc_lin_reg_median;1.0999250593176242
47;1.1;524288;;clauset;1.143505434393883
47;1.1;524288;0.01;abc_lin_reg_mle;1.099723720406664
47;1.1;524288;0.01;abc_lin_reg_median;1.0997417300940495
48;1.1;524288;;clauset;1.1438515907526017
48;1.1;524288;0.01;abc_lin_reg_mle;1.1002887856856196
48;1.1;524288;0.01;abc_lin_reg_median;1.100197253432225
49;1.1;524288;;clauset;1.1436404675245286
49;1.1;524288;0.01;abc_lin_reg_mle;1.100104913867589
49;1.1;524288;0.01;abc_lin_reg_median;1.100016220698658
50;1.1;524288;;clauset;1.1439030319452286
50;1.1;524288;0.01;abc_lin_reg_mle;1.1004641651211882
50;1.1;524288;0.01;abc_lin_reg_median;1.1003953183308293
51;1.1;524288;;clauset;1.143525796532631
51;1.1;524288;0.01;abc_lin_reg_mle;1.0997583757748293
51;1.1;524288;0.01;abc_lin_reg_median;1.0998162268966973
52;1.1;524288;;clauset;1.1438430172204972
52;1.1;524288;0.01;abc_lin_reg_mle;1.1003731852111331
52;1.1;524288;0.01;abc_lin_reg_median;1.1002610791516771
53;1.1;524288;;clauset;1.1434518498182298
53;1.1;524288;0.01;abc_lin_reg_mle;1.0997833501818168
53;1.1;524288;0.01;abc_lin_reg_median;1.0997516000830654
54;1.1;524288;;clauset;1.1436908370256424
54;1.1;524288;0.01;abc_lin_reg_mle;1.100039521998808
54;1.1;524288;0.01;abc_lin_reg_median;1.1000236056982404
55;1.1;524288;;clauset;1.1437583535909654
55;1.1;524288;0.01;abc_lin_reg_mle;1.100025936703875
55;1.1;524288;0.01;abc_lin_reg_median;1.100084669728052
56;1.1;524288;;clauset;1.1438087230920793
56;1.1;524288;0.01;abc_lin_reg_mle;1.1000853825661312
56;1.1;524288;0.01;abc_lin_reg_median;1.1001001905028398
57;1.1;524288;;clauset;1.1436361807584763
57;1.1;524288;0.01;abc_lin_reg_mle;1.0999098876597306
57;1.1;524288;0.01;abc_lin_reg_median;1.0999944951470824
58;1.1;524288;;clauset;1.1436854785680772
58;1.1;524288;0.01;abc_lin_reg_mle;1.0998321568790572
58;1.1;524288;0.01;abc_lin_reg_median;1.0998903457750075
59;1.1;524288;;clauset;1.1436897653341294
59;1.1;524288;0.01;abc_lin_reg_mle;1.1000069913349315
59;1.1;524288;0.01;abc_lin_reg_median;1.0999934090761874
40;1.1;1048576;;clauset;1.140029938817024
40;1.1;1048576;0.01;abc_lin_reg_mle;1.1000683762954062
40;1.1;1048576;0.01;abc_lin_reg_median;1.1000491916169641
41;1.1;1048576;;clauset;1.1399688524007796
41;1.1;1048576;0.01;abc_lin_reg_mle;1.1000378217128284
41;1.1;1048576;0.01;abc_lin_reg_median;1.100024637693624
42;1.1;1048576;;clauset;1.1400813800096512
42;1.1;1048576;0.01;abc_lin_reg_mle;1.100200323937377
42;1.1;1048576;0.01;abc_lin_reg_median;1.1001645465355374
43;1.1;1048576;;clauset;1.139991357922554
43;1.1;1048576;0.01;abc_lin_reg_mle;1.1000398983419866
43;1.1;1048576;0.01;abc_lin_reg_median;1.1000356657634183
44;1.1;1048576;;clauset;1.1399484902620316
44;1.1;1048576;0.01;abc_lin_reg_mle;1.1000303446272157
44;1.1;1048576;0.01;abc_lin_reg_median;1.0999830862964959
45;1.1;1048576;;clauset;1.1399442034959792
45;1.1;1048576;0.01;abc_lin_reg_mle;1.0999622263855433
45;1.1;1048576;0.01;abc_lin_reg_median;1.0999252960825983
46;1.1;1048576;;clauset;1.1400631612539291
46;1.1;1048576;0.01;abc_lin_reg_mle;1.0999596372260816
46;1.1;1048576;0.01;abc_lin_reg_median;1.1000436621226246
47;1.1;1048576;;clauset;1.1399024075269697
47;1.1;1048576;0.01;abc_lin_reg_mle;1.099827351201011
47;1.1;1048576;0.01;abc_lin_reg_median;1.0998462639001476
48;1.1;1048576;;clauset;1.1401906925439835
48;1.1;1048576;0.01;abc_lin_reg_mle;1.1002489183565936
48;1.1;1048576;0.01;abc_lin_reg_median;1.100206846736632
49;1.1;1048576;;clauset;1.1398584681749342
49;1.1;1048576;0.01;abc_lin_reg_mle;1.0998150917794456
49;1.1;1048576;0.01;abc_lin_reg_median;1.0998361587844718
50;1.1;1048576;;clauset;1.1401746171712874
50;1.1;1048576;0.01;abc_lin_reg_mle;1.1003065269843657
50;1.1;1048576;0.01;abc_lin_reg_median;1.1002574765455329
51;1.1;1048576;;clauset;1.1399109810590744
51;1.1;1048576;0.01;abc_lin_reg_mle;1.0999313257550971
51;1.1;1048576;0.01;abc_lin_reg_median;1.0999166044310547
52;1.1;1048576;;clauset;1.1400235086679458
52;1.1;1048576;0.01;abc_lin_reg_mle;1.0999438578270067
52;1.1;1048576;0.01;abc_lin_reg_median;1.1000102322764154
53;1.1;1048576;;clauset;1.1398970490694045
53;1.1;1048576;0.01;abc_lin_reg_mle;1.0998602067429735
53;1.1;1048576;0.01;abc_lin_reg_median;1.0999014998690202
54;1.1;1048576;;clauset;1.1400395840406417
54;1.1;1048576;0.01;abc_lin_reg_mle;1.1001066279602887
54;1.1;1048576;0.01;abc_lin_reg_median;1.1000440930347972
55;1.1;1048576;;clauset;1.1400235086679458
55;1.1;1048576;0.01;abc_lin_reg_mle;1.100133176157597
55;1.1;1048576;0.01;abc_lin_reg_median;1.1001098151955937
56;1.1;1048576;;clauset;1.140114602446556
56;1.1;1048576;0.01;abc_lin_reg_mle;1.100263329162345
56;1.1;1048576;0.01;abc_lin_reg_median;1.100194924981021
57;1.1;1048576;;clauset;1.1400320822000503
57;1.1;1048576;0.01;abc_lin_reg_mle;1.1001008212126133
57;1.1;1048576;0.01;abc_lin_reg_median;1.1001008212126133
58;1.1;1048576;;clauset;1.1399784976243972
58;1.1;1048576;0.01;abc_lin_reg_mle;1.0999817289139693
58;1.1;1048576;0.01;abc_lin_reg_median;1.099992460840041
59;1.1;1048576;;clauset;1.1399474185705185
59;1.1;1048576;0.01;abc_lin_reg_mle;1.099877142415942
59;1.1;1048576;0.01;abc_lin_reg_median;1.0999091535057184
